{"cameraMode":{"drawMode":0,"name":"Shaded","section":"Shading Mode"},"sceneLighting":true,"audioPlay":false,"sceneViewState":{"m_AlwaysRefresh":false,"showFog":true,"showSkybox":true,"showFlares":true,"showImageEffects":true,"showParticleSystems":true,"showVisualEffectGraphs":true,"m_FxEnabled":true},"in2DMode":false,"pivot":{"x":-6.551088809967041,"y":23.407032012939454,"z":11.892436027526856},"rotation":{"x":0.11170589923858643,"y":0.29811394214630129,"z":-0.03499271348118782,"w":0.9474858641624451},"size":23.431873321533204,"orthographic":false}