{"cameraMode":{"drawMode":0,"name":"Shaded","section":"Shading Mode"},"sceneLighting":true,"audioPlay":false,"sceneViewState":{"m_AlwaysRefresh":false,"showFog":true,"showSkybox":true,"showFlares":true,"showImageEffects":true,"showParticleSystems":true,"showVisualEffectGraphs":true,"m_FxEnabled":true},"in2DMode":false,"pivot":{"x":16.017059326171876,"y":28.279598236083986,"z":130.03500366210938},"rotation":{"x":-0.08940181136131287,"y":0.061519887298345569,"z":0.005714888218790293,"w":0.9942314028739929},"size":71.19004821777344,"orthographic":false}